霍尔木兹海峡通没通，<em>保险</em>公司最清楚,http://mp.weixin.qq.com/s?__biz=MzU5ODU1Mjg5Nw==&mid=2247823510&idx=5&sn=829c26c4dba84a0f237892f59c5d9cf7&chksm=fe4dc8b8c93a41ae22b5edd2d99eea0b705e91bd3fc7631308bfb6efe4e2bd34e21e3c8210ac#rd,2026/3/11 18:24
宏利<em>保险</em>张家俊解码：在不确定时代延续财富的底气,http://mp.weixin.qq.com/s?__biz=MzU5ODU1Mjg5Nw==&mid=2247823092&idx=2&sn=a47190e760bb5958bae98019cb2c58b6&chksm=fe4dd6dac93a5fcc3922d2a64e53da9c5181cd4c0c134871617deb0396982d634d2ffb6c5ad4#rd,2026/3/3 22:03
巴菲特交棒前最后一份13F：减持苹果和美银 加仓能源与<em>保险</em>,http://mp.weixin.qq.com/s?__biz=MzU5ODU1Mjg5Nw==&mid=2247822525&idx=3&sn=51056a9c90150ed070554dff3d77ceb3&chksm=fe4dd493c93a5d85370d9d9c7631b0c5461499bbb86b25038c2c09dcfc6ffc7d7c6970a69a0d#rd,2026/2/18 18:40
涉医疗<em>保险</em>欺诈！美国医保巨头被查，年薪1.9亿元的CEO突然辞职,http://mp.weixin.qq.com/s?__biz=MzU5ODU1Mjg5Nw==&mid=2247800909&idx=5&sn=c0a1294213e319e64f27e4fc5d5a269f&chksm=fe4c6063c93be975b5d2f50e32244cc6a5e09a582628010f2bae7cff7ee1f134f38f13d2520c#rd,2025/5/15 22:21
深圳一家<em>保险</em>中介要IPO！一半成本支付代理佣金，两年亏5个亿,http://mp.weixin.qq.com/s?__biz=MzU5ODU1Mjg5Nw==&mid=2247796503&idx=4&sn=bee872c9a2a4f6566ae3666a43b5ddb7&chksm=fe4c7f39c93bf62f3660cfc12e255efeebbf1fb4cac173e866fb4fb0c5890d6463a660def2f9#rd,2025/3/13 21:00
从“看天吃饭”到“知天而作”，阳光<em>保险</em>守护中国智慧农业时代,http://mp.weixin.qq.com/s?__biz=MzU5ODU1Mjg5Nw==&mid=2247796141&idx=3&sn=bcaaf4d67889af3812840ae481bc956f&chksm=fe4c7d83c93bf4959d211b05b5a630c5ed563ebf23f87cb6f05fe0c50d924e6e0e339d0ed390#rd,2025/3/10 19:02
前员工称“被恶意辞退、两张百万保单佣金未发”，泰康<em>保险</em>回应,http://mp.weixin.qq.com/s?__biz=MzU5ODU1Mjg5Nw==&mid=2247764483&idx=4&sn=e09447bb7e842570223200317c67f9f4&chksm=fe4cf22dc93b7b3b960e38347a03680d79162b071176c68f55f54e8d39f023fba342318a378b#rd,2024/6/25 16:18
信泰<em>保险</em>原董事长被终身禁业：7家原股东重大违法，多次因数据造假被罚,http://mp.weixin.qq.com/s?__biz=MzU5ODU1Mjg5Nw==&mid=2247763889&idx=4&sn=472517c44768f56736c9fbcc27adc136&chksm=fe4cff9fc93b76895b220b782504ffe31a4a382bbcc6c9291d2ad26cd06f916a3f6d64171313#rd,2024/6/20 21:44
十年<em>保险</em>科技蝶变 大模型技术应用带来<em>保险</em>业发展新机遇,http://mp.weixin.qq.com/s?__biz=MzU5ODU1Mjg5Nw==&mid=2247741897&idx=4&sn=3a501260add38c02c6d6bc72824e7912&chksm=fe4f09e7c93880f1ad57dbed60319eae52049671bfbb8b6b9814204f115a4f3c206b0b39c96f#rd,2023/12/31 18:04
大厂员工转行卖<em>保险</em>，半年没赚足100元,http://mp.weixin.qq.com/s?__biz=MzU5ODU1Mjg5Nw==&mid=2247741536&idx=6&sn=1aa37524e5deec7365311c52a561673f&chksm=fe4f084ec93881586a032633b615bc15972cf2fd00d1056fdc5b06500da9ff54b5ef90bc1f6d#rd,2023/12/28 21:07
暴涨27倍！内地居民疯狂去香港买<em>保险</em>，什么原因？业内提醒：有风险…,http://mp.weixin.qq.com/s?__biz=MzU5ODU1Mjg5Nw==&mid=2247707838&idx=7&sn=2b7f865aa1ada9c031f778e06eef0545&chksm=fe4f9490c9381d869908e9b7fb37f5b5391ec3e3a7d9e0ec1b096289a64d80209279d4c61dd9#rd,2023/6/6 21:07
新冠医保支付政策将有重大调整，商业<em>保险</em>能起多大作用？,http://mp.weixin.qq.com/s?__biz=MzU5ODU1Mjg5Nw==&mid=2247679521&idx=6&sn=dfbbc4b4eceef659e8ba740dea66238b&chksm=fe4e060fc9398f1923ab004006152e13db32da49ba59afeff9b7169796878a9e6c9bd1e7d3df#rd,2022/12/30 21:07
两年半<em>保险</em>销售员减少400万，卖<em>保险</em>不香了？,http://mp.weixin.qq.com/s?__biz=MzU5ODU1Mjg5Nw==&mid=2247659179&idx=4&sn=4c5b59e731acb122916b3cd72559bc84&chksm=fe4e5685c939df930efdf426424c5d2c3b9ca6aa8679b2976377a69f6cf9de131d6703601cb4#rd,2022/9/21 21:51
什么情况？FBI突袭特朗普海湖庄园，<em>保险</em>箱都被撬！特朗普：无异于“水门事件”,http://mp.weixin.qq.com/s?__biz=MzU5ODU1Mjg5Nw==&mid=2247648630&idx=3&sn=b881cb0ff58297598da23b9e80eb98ea&chksm=fe4ebd58c939344e59848b7256f1dd3f847efed0e236aec6a1ee9a1577da1b9aed00bf0e2507#rd,2022/8/9 20:35
东航事故<em>保险</em>理赔或过亿，没买航意险，能得到<em>保险</em>赔偿吗？,http://mp.weixin.qq.com/s?__biz=MzU5ODU1Mjg5Nw==&mid=2247618677&idx=2&sn=04590252236fc8325f2b6123a4c81157&chksm=fe41285bc936a14dd7c31d7db5cc97211874ad8ac205ece275051b66873c63e736cc45c24158#rd,2022/3/22 23:27
互联网人辞职卖<em>保险</em>，真能年薪百万？,http://mp.weixin.qq.com/s?__biz=MzU5ODU1Mjg5Nw==&mid=2247614769&idx=6&sn=f5055d4572f7eef8a14631564b552aed&chksm=fe41391fc936b009d7c515f65281b9828c7dd5a89a59e89d712c84f01bc3fcd71bf99c3d3604#rd,2022/2/19 20:41
为客户创造美好生活，中国太平<em>保险</em>集团第二届“吉象节·太平客户节”开启美好生活新风尚,http://mp.weixin.qq.com/s?__biz=MzU5ODU1Mjg5Nw==&mid=2247585381&idx=2&sn=ffac21bde88fdc963ba985927a70c39e&chksm=fe41b64bc9363f5de3a37119c7f84a032cb8fb7d8b46d6fed8fc2d323377aa5d5740a7af8f01#rd,2021/7/17 22:42
一批新规4月起实施！事关纳税、买房、工伤<em>保险</em>,http://mp.weixin.qq.com/s?__biz=MzU5ODU1Mjg5Nw==&mid=2247566434&idx=5&sn=8873cbc45d3a125a0a5d03bc842bf843&chksm=fe41fc4cc936755a9b2e5ccd129c6483972d9f5205bc340407eca1807b9cc4d0306955e486e3#rd,2021/3/31 21:06
江西一女士在农业银行存定期，30 万变成了分红<em>保险</em>？咋回事,http://mp.weixin.qq.com/s?__biz=MzU5ODU1Mjg5Nw==&mid=2247566036&idx=5&sn=4389358d423374cfe3785a3e910a1ae5&chksm=fe41fafac93673ec4a46ac219476c358be8f7e1c53d6aa9a42118f0390f2774313934d2edb21#rd,2021/3/28 20:41
年薪百万不是梦？28岁<em>保险</em>打工人：入行3年负债十几万，赔钱干！,http://mp.weixin.qq.com/s?__biz=MzU5ODU1Mjg5Nw==&mid=2247565216&idx=4&sn=9c3d9cd56e9a8e8a4c32690c0744d4f3&chksm=fe41c78ec9364e9858e6d61fe9af5c810afe0c52eb69ebaef0fa2186352e7ad9f8b8dbe47704#rd,2021/3/22 20:54
探访比亚迪4S店：上牌费、按揭服务费、<em>保险</em>捆绑销售屡曝不止,http://mp.weixin.qq.com/s?__biz=MzU5ODU1Mjg5Nw==&mid=2247551716&idx=7&sn=191d8ba92a13821bfb04345ffefa313c&chksm=fe4032cac937bbdc3967dd6c0a97f7f0888f7706b6ad44fa7169567c25d5f4873dcfedf92f68#rd,2021/1/6 21:13
社保、大基金抛减持计划！涉及3000亿<em>保险</em>巨头，还有这些公司……,http://mp.weixin.qq.com/s?__biz=MzU5ODU1Mjg5Nw==&mid=2247522576&idx=2&sn=204a2aae2692b943f7154f098d499791&chksm=fe40a13ec9372828db80ce87a5931c1846f98cf2cb3c762908c2d88c147b1e8eb46b05d7676b#rd,2020/7/9 22:26
诈骗还是无罪？女子利用900次航空延误获利300万，网友：<em>保险</em>公司玩得起赔不起？律师也吵翻了,http://mp.weixin.qq.com/s?__biz=MzU5ODU1Mjg5Nw==&mid=2247519283&idx=5&sn=bd5b418ea80b24c0ef98fe2c5a82ad6c&chksm=fe40b41dc9373d0b3b9f55d2cc0f1ae72879651ec58ee19dbc726673c57f32758eaa0e6b1e36#rd,2020/6/11 22:29
3·15消费者投诉 | 太平洋<em>保险</em>贷款被指“套路深”,http://mp.weixin.qq.com/s?__biz=MzU5ODU1Mjg5Nw==&mid=2247514489&idx=6&sn=f77161f90689d314dc8488411161e258&chksm=fe408157c93708412cc0b5b285a65df6624abfdffa0fecd12ba8c920a88e46da6b5566baf9b4#rd,2020/3/11 23:26
彻底还原伊朗误击客机真相：五道<em>保险</em>全失守,http://mp.weixin.qq.com/s?__biz=MzU5ODU1Mjg5Nw==&mid=2247513103&idx=5&sn=9daaaa2fca753418f1327fd03551f42e&chksm=fe408c21c9370537b4cdbbdb2fa5c1e4bac581fdea050f10acb592b2c776ab9edc350c107520#rd,2020/1/14 23:41
HWP：从私营企业主到<em>保险</em>企业家的转型之路,http://mp.weixin.qq.com/s?__biz=MzU5ODU1Mjg5Nw==&mid=2247512999&idx=3&sn=09d99487c216e44771c992fe45d284f3&chksm=fe408b89c937029f73536e5256fc0656d8229f0729e9a989bb7c9ab63e0e7a46e1dbbe484c08#rd,2020/1/9 22:58
汽车<em>保险</em>里都有哪些巨巨巨巨巨坑？（实用防骗指南）,http://mp.weixin.qq.com/s?__biz=MzU5ODU1Mjg5Nw==&mid=2247507707&idx=6&sn=2448e9d32836a81e22f746105a155cf4&chksm=fe40e6d5c9376fc3545413a94eb373d4dc15d3177e2d6c3984251b6236433582459b71778140#rd,2019/7/5 23:57
一夜亏空，暴跌95%！四亿安盛<em>保险</em>炸雷启示,http://mp.weixin.qq.com/s?__biz=MzU5ODU1Mjg5Nw==&mid=2247507198&idx=4&sn=c432fe70e55f447d25187055be84ed8d&chksm=fe40e4d0c9376dc6d5b154fc2def9d3d2851e411c8e05c689aadfcf2d2a83f753bfd0358202b#rd,2019/6/20 20:12
泰康<em>保险</em>陈东升：改革开放让现实比理想来得更伟大,http://mp.weixin.qq.com/s?__biz=MzU5ODU1Mjg5Nw==&mid=2247500498&idx=3&sn=5015009e644f135c703167c45204513c&chksm=fe40fafcc93773eab7ed897a9215e59a5af17e621670ee77a9149510ec2bd3461bc155193901#rd,2018/12/27 19:55
丈夫为骗100万<em>保险</em>金伪造车祸，不知情妻子带儿女自杀溺亡,http://mp.weixin.qq.com/s?__biz=MzU5ODU1Mjg5Nw==&mid=2247497395&idx=5&sn=9220a61860a89a68dbe8f33e8fd9d0dd&chksm=fe40ce9dc937478b3e355a7af65e963885d79d72aea4837acff76fb785279aaa075f3f3b78c4#rd,2018/10/13 22:24
我是港漂，我在香港卖<em>保险</em>,http://mp.weixin.qq.com/s?__biz=MzU5ODU1Mjg5Nw==&mid=2247492317&idx=4&sn=84389d1975b8e1a209b5ec2138cea672&chksm=fe40daf3c93753e52bc423304203d7a63b8d1c3df539bb098cedb8797413abc2a612f670754a#rd,2018/5/23 17:45
别慌！<em>保险</em>公司被接管，你的保单继续有效,http://mp.weixin.qq.com/s?__biz=MzU5ODU1Mjg5Nw==&mid=2247492406&idx=1&sn=4fa9d78bea7432b52662bfe1f86962cd&chksm=fe40db18c937520eaf4fd4bd00816995785cbeb4a8a8f92f930ccc8456b5c42bcd48a1791882#rd,2018/2/24 15:28
不能轻易倒闭的<em>保险</em>公司,http://mp.weixin.qq.com/s?__biz=MzU5ODU1Mjg5Nw==&mid=2247492570&idx=5&sn=5524e0ca4ddd876cb0c8678fad31f95a&chksm=fe40dbf4c93752e2f3008ec7263a92c20f5989b6aaee6e54b490cc349428c4264e2685e70eb3#rd,2017/9/15 14:59
为什么你的养老<em>保险</em>交25万，别人只交16万，待遇却一样！,http://mp.weixin.qq.com/s?__biz=MzU5ODU1Mjg5Nw==&mid=2247492647&idx=4&sn=b1380ecef16313ae9bcc4606575436dc&chksm=fe40dc09c937551f29f7c2fca09185e97708b23ade6330529eeeaabc94f79cc358b007ce579a#rd,2017/7/1 18:41
在暴雨中逆势而上 快速理赔助<em>保险</em>业迎战首场台风,http://mp.weixin.qq.com/s?__biz=MzU5ODU1Mjg5Nw==&mid=2247492662&idx=3&sn=f6e718a7304b36707e48436366462908&chksm=fe40dc18c937550e6d059d59e25b24a32c3aed8774b072bcf3bb67c59db63fe9ce1fc03bb586#rd,2017/6/16 15:03
如何购买商业<em>保险</em>？弄不明白多掏钱！,http://mp.weixin.qq.com/s?__biz=MzU5ODU1Mjg5Nw==&mid=2247492929&idx=3&sn=058329034e82f28bb10a77aa0e67f9ab&chksm=fe40dd6fc93754792daedee40237198324a4a51481fb45e8df4782a1420766237caec5fcbc9b#rd,2016/9/25 19:32
别被<em>保险</em>公司骗了，万能险还真的不万能...,http://mp.weixin.qq.com/s?__biz=MzU5ODU1Mjg5Nw==&mid=2247492954&idx=2&sn=b2e8e6d876d9c5da32c998abf3d645bc&chksm=fe40dd74c93754624a760627ff3879bb10f22cd5c1c11770b37690dab307dadf530e71ef4346#rd,2016/8/31 14:59
<em>保险</em>资金凭什么能任性举牌？,http://mp.weixin.qq.com/s?__biz=MzU5ODU1Mjg5Nw==&mid=2247492958&idx=3&sn=4352cd235985c0c372fbc1306aecc6b2&chksm=fe40dd70c9375466d36e17b59d26a4484c4eea0be566bfe4d983684e44ea552dd4c8eddb4f89#rd,2016/8/27 15:14
关于养老<em>保险</em>，你需要知道的一切都在这里！,http://mp.weixin.qq.com/s?__biz=MzU5ODU1Mjg5Nw==&mid=2247493582&idx=2&sn=16eae97c2998dc6ff62caebb99cba7c0&chksm=fe40dfe0c93756f6a8ac1ac8f6ce8dcbd9770d0363de5f8d1879e20ad626703cfbb406013233#rd,2014/12/24 20:27
存款<em>保险</em>制度出台后这三家银行最安全,http://mp.weixin.qq.com/s?__biz=MzU5ODU1Mjg5Nw==&mid=2247493606&idx=4&sn=f835a2e71bb9f4b895f3301e624d13ed&chksm=fe40dfc8c93756de39e884fb3b9ad6178815d0700746695e61ea35f8e8dad3e9deb3354a63e4#rd,2014/12/1 21:58
存款<em>保险</em>制度如何影响你的钞票？该怎么办？（附解读）,http://mp.weixin.qq.com/s?__biz=MzU5ODU1Mjg5Nw==&mid=2247493607&idx=1&sn=31c83a5b3ed129def0a6a414024b1db7&chksm=fe40dfc9c93756df41b784903297d45e6c3e5c07a5d3f22b1323996cf547fdcd6af30852cfde#rd,2014/11/30 20:14
